Donor,cell_id,1,2,3,4,5,6,7,8,9,10,11,12,13,14,15,16,17,18
0,0,0,0,0,0,,,,,,,,,,,,,,
0,1,0,0,0,,,,,,,,,,,,,,,
0,2,1,,,,,,,,,,,,,,,,,
0,3,0,0,,,,,,,,,,,,,,,,
0,4,1,0,,,,,,,,,,,,,,,,
0,5,0,,,,,,,,,,,,,,,,,
0,6,0,,,,,,,,,,,,,,,,,
0,7,0,,,,,,,,,,,,,,,,,
0,8,1,1,,,,,,,,,,,,,,,,
0,9,1,1,,,,,,,,,,,,,,,,
0,10,0,0,,,,,,,,,,,,,,,,
0,11,1,1,1,,,,,,,,,,,,,,,
0,12,0,0,1,,,,,,,,,,,,,,,
0,13,0,,,,,,,,,,,,,,,,,
0,14,1,1,,,,,,,,,,,,,,,,
0,15,0,0,,,,,,,,,,,,,,,,
0,16,,,,,,,,,,,,,,,,,,
0,17,,,,,,,,,,,,,,,,,,
0,18,0,0,0,0,0,0,0,,,,,,,,,,,
0,19,1,,,,,,,,,,,,,,,,,
0,20,0,,,,,,,,,,,,,,,,,
0,21,0,0,,,,,,,,,,,,,,,,
0,22,0,0,0,,,,,,,,,,,,,,,
0,23,1,,,,,,,,,,,,,,,,,
0,24,0,,,,,,,,,,,,,,,,,
0,25,0,0,0,,,,,,,,,,,,,,,
0,26,1,,,,,,,,,,,,,,,,,
0,27,0,0,0,0,,,,,,,,,,,,,,
0,28,0,1,,,,,,,,,,,,,,,,
0,29,0,0,,,,,,,,,,,,,,,,
0,30,1,,,,,,,,,,,,,,,,,
0,31,0,0,0,,,,,,,,,,,,,,,
0,32,0,1,,,,,,,,,,,,,,,,
0,33,,,,,,,,,,,,,,,,,,
0,34,0,0,0,,,,,,,,,,,,,,,
0,35,1,,,,,,,,,,,,,,,,,
0,36,0,0,0,,,,,,,,,,,,,,,
0,37,1,,,,,,,,,,,,,,,,,
0,38,,,,,,,,,,,,,,,,,,
0,39,0,,,,,,,,,,,,,,,,,
0,40,0,,,,,,,,,,,,,,,,,
0,41,1,,,,,,,,,,,,,,,,,
0,42,0,,,,,,,,,,,,,,,,,
0,43,0,0,0,,,,,,,,,,,,,,,
0,44,1,,,,,,,,,,,,,,,,,
0,45,0,1,,,,,,,,,,,,,,,,
0,46,1,,,,,,,,,,,,,,,,,
0,47,1,,,,,,,,,,,,,,,,,
0,48,1,,,,,,,,,,,,,,,,,
0,49,1,0,,,,,,,,,,,,,,,,
0,50,0,,,,,,,,,,,,,,,,,
0,51,0,,,,,,,,,,,,,,,,,
0,52,1,,,,,,,,,,,,,,,,,
0,53,1,,,,,,,,,,,,,,,,,
0,54,1,,,,,,,,,,,,,,,,,
0,55,0,0,,,,,,,,,,,,,,,,
0,56,0,0,0,0,1,,,,,,,,,,,,,
0,57,0,0,1,,,,,,,,,,,,,,,
0,58,0,0,1,,,,,,,,,,,,,,,
0,59,0,1,0,,,,,,,,,,,,,,,
0,60,0,0,,,,,,,,,,,,,,,,
0,61,0,0,,,,,,,,,,,,,,,,
0,62,,,,,,,,,,,,,,,,,,
0,63,1,,,,,,,,,,,,,,,,,
1,0,1,1,1,,,,,,,,,,,,,,,
1,1,1,1,,,,,,,,,,,,,,,,
1,2,1,1,,,,,,,,,,,,,,,,
1,3,1,1,1,,,,,,,,,,,,,,,
1,4,0,0,0,0,,,,,,,,,,,,,,
1,5,1,,,,,,,,,,,,,,,,,
1,6,1,1,0,,,,,,,,,,,,,,,
1,7,1,1,1,0,1,,,,,,,,,,,,,
1,8,1,0,,,,,,,,,,,,,,,,
1,9,1,1,,,,,,,,,,,,,,,,
1,10,1,0,0,0,0,,,,,,,,,,,,,
1,11,1,1,,,,,,,,,,,,,,,,
1,12,1,,,,,,,,,,,,,,,,,
1,13,1,1,0,,,,,,,,,,,,,,,
1,14,0,0,1,,,,,,,,,,,,,,,
1,15,0,1,0,,,,,,,,,,,,,,,
1,16,0,0,0,0,0,0,,,,,,,,,,,,
1,17,1,,,,,,,,,,,,,,,,,
1,18,1,1,,,,,,,,,,,,,,,,
1,19,0,1,1,,,,,,,,,,,,,,,
1,20,1,0,0,,,,,,,,,,,,,,,
1,21,1,,,,,,,,,,,,,,,,,
1,22,1,1,1,1,,,,,,,,,,,,,,
1,23,0,1,0,,,,,,,,,,,,,,,
1,24,1,1,,,,,,,,,,,,,,,,
1,25,1,0,,,,,,,,,,,,,,,,
1,26,1,,,,,,,,,,,,,,,,,
1,27,1,0,0,,,,,,,,,,,,,,,
1,28,1,,,,,,,,,,,,,,,,,
1,29,1,0,0,,,,,,,,,,,,,,,
1,30,1,0,0,0,0,0,,,,,,,,,,,,
1,31,0,0,0,0,0,0,0,0,0,0,0,,,,,,,
1,32,1,0,,,,,,,,,,,,,,,,
1,33,1,,,,,,,,,,,,,,,,,
1,34,1,1,1,1,,,,,,,,,,,,,,
1,35,1,1,0,1,0,0,,,,,,,,,,,,
1,36,1,,,,,,,,,,,,,,,,,
1,37,1,,,,,,,,,,,,,,,,,
1,38,1,0,0,0,0,0,,,,,,,,,,,,
1,39,1,1,,,,,,,,,,,,,,,,
1,40,1,1,0,,,,,,,,,,,,,,,
1,41,1,1,0,,,,,,,,,,,,,,,
1,42,1,1,1,1,,,,,,,,,,,,,,
1,43,1,0,,,,,,,,,,,,,,,,
1,44,0,0,0,0,,,,,,,,,,,,,,
1,45,0,0,0,1,,,,,,,,,,,,,,
1,46,0,0,0,,,,,,,,,,,,,,,
1,47,0,0,0,,,,,,,,,,,,,,,
1,48,1,1,,,,,,,,,,,,,,,,
1,49,1,1,,,,,,,,,,,,,,,,
1,50,1,1,1,1,1,,,,,,,,,,,,,
1,51,1,1,,,,,,,,,,,,,,,,
1,52,0,0,0,0,0,,,,,,,,,,,,,
1,53,0,0,0,0,0,0,,,,,,,,,,,,
1,54,1,,,,,,,,,,,,,,,,,
1,55,1,1,0,,,,,,,,,,,,,,,
1,56,1,0,,,,,,,,,,,,,,,,
1,57,0,0,0,0,,,,,,,,,,,,,,
1,58,0,0,0,0,0,0,0,0,0,0,0,0,,,,,,
1,59,1,0,,,,,,,,,,,,,,,,
1,60,0,0,0,0,0,0,,,,,,,,,,,,
1,61,0,0,0,0,0,0,,,,,,,,,,,,
1,62,0,0,0,1,,,,,,,,,,,,,,
1,63,0,0,0,0,0,0,0,0,0,0,0,0,,,,,,
1,64,0,0,1,1,,,,,,,,,,,,,,
1,65,0,0,0,,,,,,,,,,,,,,,
1,66,0,0,1,0,,,,,,,,,,,,,,
1,67,1,1,0,0,0,,,,,,,,,,,,,
1,68,0,0,0,0,,,,,,,,,,,,,,
1,69,0,0,0,0,0,0,0,,,,,,,,,,,
1,70,1,1,1,1,1,0,,,,,,,,,,,,
1,71,0,0,0,0,1,,,,,,,,,,,,,
1,72,1,1,1,1,0,0,,,,,,,,,,,,
1,73,0,1,0,0,0,1,,,,,,,,,,,,
1,74,0,0,0,0,,,,,,,,,,,,,,
1,75,0,0,,,,,,,,,,,,,,,,
1,76,0,0,1,1,0,,,,,,,,,,,,,
1,77,0,0,1,,,,,,,,,,,,,,,
1,78,0,,,,,,,,,,,,,,,,,
1,79,1,1,1,1,1,1,,,,,,,,,,,,
1,80,1,1,0,0,0,0,,,,,,,,,,,,
1,81,0,0,0,,,,,,,,,,,,,,,
1,82,1,0,0,0,,,,,,,,,,,,,,
1,83,1,1,0,,,,,,,,,,,,,,,
1,84,0,1,0,0,,,,,,,,,,,,,,
1,85,0,1,,,,,,,,,,,,,,,,
1,86,1,1,1,1,0,,,,,,,,,,,,,
1,87,1,0,0,0,0,0,,,,,,,,,,,,
1,88,1,,,,,,,,,,,,,,,,,
1,89,1,1,1,1,,,,,,,,,,,,,,
1,90,Na,,,,,,,,,,,,,,,,,
1,91,0,1,0,0,,,,,,,,,,,,,,
1,92,0,0,0,0,,,,,,,,,,,,,,
1,93,1,1,1,1,,,,,,,,,,,,,,
1,94,1,0,1,0,1,,,,,,,,,,,,,
1,95,1,1,0,0,0,,,,,,,,,,,,,
1,96,1,0,1,0,0,,,,,,,,,,,,,
2,0,1,1,1,1,,,,,,,,,,,,,,
2,1,1,1,1,,,,,,,,,,,,,,,
2,2,1,,,,,,,,,,,,,,,,,
2,3,1,0,,,,,,,,,,,,,,,,
2,4,1,0,,,,,,,,,,,,,,,,
2,5,1,0,,,,,,,,,,,,,,,,
2,6,0,1,1,,,,,,,,,,,,,,,
2,7,1,1,1,1,1,,,,,,,,,,,,,
2,8,1,1,,,,,,,,,,,,,,,,
2,9,1,1,,,,,,,,,,,,,,,,
2,10,1,1,1,,,,,,,,,,,,,,,
2,11,1,,,,,,,,,,,,,,,,,
2,12,,,,,,,,,,,,,,,,,,
2,13,1,,,,,,,,,,,,,,,,,
2,14,,,,,,,,,,,,,,,,,,
2,15,,,,,,,,,,,,,,,,,,
2,16,,,,,,,,,,,,,,,,,,
2,17,1,0,,,,,,,,,,,,,,,,
2,18,1,1,,,,,,,,,,,,,,,,
2,19,1,1,1,,,,,,,,,,,,,,,
2,20,,,,,,,,,,,,,,,,,,
2,21,0,,,,,,,,,,,,,,,,,
2,22,0,0,,,,,,,,,,,,,,,,
2,23,0,0,0,0,,,,,,,,,,,,,,
2,24,0,,,,,,,,,,,,,,,,,
2,25,,,,,,,,,,,,,,,,,,
2,26,0,,,,,,,,,,,,,,,,,
2,27,0,0,,,,,,,,,,,,,,,,
2,28,1,1,0,,,,,,,,,,,,,,,
2,29,1,,,,,,,,,,,,,,,,,
2,30,1,1,,,,,,,,,,,,,,,,
2,31,1,1,1,,,,,,,,,,,,,,,
2,32,0,,,,,,,,,,,,,,,,,
2,33,1,1,1,1,1,1,,,,,,,,,,,,
2,34,1,1,,,,,,,,,,,,,,,,
2,35,1,1,1,1,,,,,,,,,,,,,,
2,36,1,,,,,,,,,,,,,,,,,
2,37,1,1,,,,,,,,,,,,,,,,
2,38,1,,,,,,,,,,,,,,,,,
2,39,0,0,0,,,,,,,,,,,,,,,
2,40,0,0,1,1,,,,,,,,,,,,,,
2,41,1,1,1,,,,,,,,,,,,,,,
2,42,1,1,,,,,,,,,,,,,,,,
2,43,1,1,1,0,,,,,,,,,,,,,,
2,44,1,1,1,1,,,,,,,,,,,,,,
2,45,0,0,1,,,,,,,,,,,,,,,
2,46,0,0,0,0,0,,,,,,,,,,,,,
2,47,0,,,,,,,,,,,,,,,,,
2,48,,,,,,,,,,,,,,,,,,
2,49,1,,,,,,,,,,,,,,,,,
2,50,,,,,,,,,,,,,,,,,,
2,51,1,,,,,,,,,,,,,,,,,
2,52,0,0,0,,,,,,,,,,,,,,,
2,53,1,,,,,,,,,,,,,,,,,
2,54,0,1,0,,,,,,,,,,,,,,,
2,55,0,,,,,,,,,,,,,,,,,
2,56,,,,,,,,,,,,,,,,,,
2,57,1,1,0,0,,,,,,,,,,,,,,
2,58,1,1,,,,,,,,,,,,,,,,
2,59,1,,,,,,,,,,,,,,,,,
2,60,,,,,,,,,,,,,,,,,,
2,61,1,,,,,,,,,,,,,,,,,
2,62,,,,,,,,,,,,,,,,,,
2,63,0,,,,,,,,,,,,,,,,,
2,64,0,,,,,,,,,,,,,,,,,
2,65,1,1,,,,,,,,,,,,,,,,
2,66,1,1,,,,,,,,,,,,,,,,
2,67,0,,,,,,,,,,,,,,,,,
2,68,0,0,,,,,,,,,,,,,,,,
2,69,0,0,0,0,1,,,,,,,,,,,,,
2,70,,,,,,,,,,,,,,,,,,
2,71,,,,,,,,,,,,,,,,,,
2,72,0,0,0,0,0,,,,,,,,,,,,,
2,73,0,0,,,,,,,,,,,,,,,,
2,74,1,,,,,,,,,,,,,,,,,
2,75,1,1,,,,,,,,,,,,,,,,
2,76,0,,,,,,,,,,,,,,,,,
2,77,1,1,1,,,,,,,,,,,,,,,
2,78,0,0,0,0,0,,,,,,,,,,,,,
2,79,1,,,,,,,,,,,,,,,,,
2,80,0,0,0,0,0,0,0,0,0,,,,,,,,,
2,81,0,,,,,,,,,,,,,,,,,
2,82,,,,,,,,,,,,,,,,,,
2,83,1,1,1,,,,,,,,,,,,,,,
2,84,1,,,,,,,,,,,,,,,,,
2,85,1,,,,,,,,,,,,,,,,,
2,86,1,1,,,,,,,,,,,,,,,,
2,87,0,,,,,,,,,,,,,,,,,
2,88,0,0,1,1,,,,,,,,,,,,,,
2,89,1,1,1,,,,,,,,,,,,,,,
2,90,,,,,,,,,,,,,,,,,,
2,91,1,1,,,,,,,,,,,,,,,,
2,92,,,,,,,,,,,,,,,,,,
2,93,1,,,,,,,,,,,,,,,,,
2,94,,,,,,,,,,,,,,,,,,
2,95,,,,,,,,,,,,,,,,,,
2,96,1,1,1,1,,,,,,,,,,,,,,
2,97,1,,,,,,,,,,,,,,,,,
2,98,1,0,1,,,,,,,,,,,,,,,
2,99,1,1,,,,,,,,,,,,,,,,
2,100,1,1,,,,,,,,,,,,,,,,
2,101,0,,,,,,,,,,,,,,,,,
2,102,1,,,,,,,,,,,,,,,,,
2,103,1,,,,,,,,,,,,,,,,,
2,104,1,,,,,,,,,,,,,,,,,
2,105,1,1,1,1,,,,,,,,,,,,,,
2,106,1,,,,,,,,,,,,,,,,,
2,107,,,,,,,,,,,,,,,,,,
2,108,,,,,,,,,,,,,,,,,,
2,109,,,,,,,,,,,,,,,,,,
2,110,,,,,,,,,,,,,,,,,,
2,111,1,,,,,,,,,,,,,,,,,
2,112,0,0,0,0,0,1,,,,,,,,,,,,
2,113,1,1,0,,,,,,,,,,,,,,,
2,114,1,1,,,,,,,,,,,,,,,,
2,115,1,1,,,,,,,,,,,,,,,,
2,116,1,1,1,1,1,,,,,,,,,,,,,
2,117,0,0,,,,,,,,,,,,,,,,
2,118,1,1,1,,,,,,,,,,,,,,,
2,119,1,,,,,,,,,,,,,,,,,
2,120,1,,,,,,,,,,,,,,,,,
2,121,1,1,1,1,1,0,,,,,,,,,,,,
2,122,0,0,0,1,1,0,,,,,,,,,,,,
2,123,1,1,1,,,,,,,,,,,,,,,
2,124,1,1,1,1,1,,,,,,,,,,,,,
2,125,0,0,0,0,0,0,,,,,,,,,,,,
2,126,1,1,1,1,1,,,,,,,,,,,,,
2,127,1,1,0,0,,,,,,,,,,,,,,
2,128,1,0,0,0,0,0,,,,,,,,,,,,
2,129,1,1,1,1,1,1,1,1,1,0,,,,,,,,
2,130,1,1,1,1,,,,,,,,,,,,,,
2,131,1,0,0,0,0,0,0,0,0,,,,,,,,,
2,132,0,0,,,,,,,,,,,,,,,,
2,133,0,0,0,,,,,,,,,,,,,,,
2,134,1,,,,,,,,,,,,,,,,,
2,135,0,0,1,1,,,,,,,,,,,,,,
2,136,0,1,1,1,1,,,,,,,,,,,,,
2,137,0,0,0,,,,,,,,,,,,,,,
2,138,0,0,0,0,0,0,0,0,0,0,0,0,0,,,,,
2,139,,,,,,,,,,,,,,,,,,
2,140,1,0,,,,,,,,,,,,,,,,
2,141,0,0,0,0,,,,,,,,,,,,,,
2,142,1,1,1,1,1,,,,,,,,,,,,,
2,143,0,0,0,0,0,,,,,,,,,,,,,
2,144,1,0,,,,,,,,,,,,,,,,
2,145,,,,,,,,,,,,,,,,,,
2,146,0,0,1,,,,,,,,,,,,,,,
2,147,1,1,1,1,1,0,,,,,,,,,,,,
2,148,0,0,0,0,0,0,0,0,0,0,,,,,,,,
2,149,1,0,,,,,,,,,,,,,,,,
2,150,1,0,0,1,0,0,,,,,,,,,,,,
2,151,0,0,1,1,,,,,,,,,,,,,,
2,152,0,0,0,0,0,,,,,,,,,,,,,
2,153,0,1,0,,,,,,,,,,,,,,,
2,154,0,0,0,1,,,,,,,,,,,,,,
2,155,0,0,0,0,,,,,,,,,,,,,,
2,156,1,1,,,,,,,,,,,,,,,,
2,157,1,1,,,,,,,,,,,,,,,,
2,158,1,1,0,,,,,,,,,,,,,,,
2,159,0,0,0,0,0,,,,,,,,,,,,,
2,160,1,1,,,,,,,,,,,,,,,,
2,161,0,0,0,1,,,,,,,,,,,,,,
2,162,1,1,,,,,,,,,,,,,,,,
2,163,1,1,1,1,0,0,0,,,,,,,,,,,
2,164,1,1,,,,,,,,,,,,,,,,
2,165,1,1,1,1,,,,,,,,,,,,,,
2,166,1,,,,,,,,,,,,,,,,,
2,167,0,1,0,0,,,,,,,,,,,,,,
2,168,1,1,1,,,,,,,,,,,,,,,
2,169,0,0,0,,,,,,,,,,,,,,,
2,170,1,1,1,0,,,,,,,,,,,,,,
2,171,1,1,0,1,1,,,,,,,,,,,,,
2,172,0,1,,,,,,,,,,,,,,,,
2,173,0,0,0,0,,,,,,,,,,,,,,
2,174,1,,,,,,,,,,,,,,,,,
2,175,1,1,0,0,,,,,,,,,,,,,,
2,176,1,0,0,0,,,,,,,,,,,,,,
2,177,0,0,0,0,0,0,,,,,,,,,,,,
2,178,1,,,,,,,,,,,,,,,,,
2,179,1,1,1,1,1,1,1,1,1,,,,,,,,,
2,180,0,0,,,,,,,,,,,,,,,,
2,181,1,1,1,,,,,,,,,,,,,,,
2,182,1,0,,,,,,,,,,,,,,,,
2,183,1,1,1,1,1,,,,,,,,,,,,,
2,184,1,,,,,,,,,,,,,,,,,
2,185,1,1,1,1,1,0,1,1,1,,,,,,,,,
2,186,1,0,0,1,1,0,1,0,0,,,,,,,,,
2,187,0,0,0,0,0,,,,,,,,,,,,,
2,188,0,1,0,0,,,,,,,,,,,,,,
2,189,1,,,,,,,,,,,,,,,,,
2,190,0,,,,,,,,,,,,,,,,,
2,191,1,1,1,0,,,,,,,,,,,,,,
2,192,1,1,,,,,,,,,,,,,,,,
2,193,1,1,1,1,1,0,,,,,,,,,,,,
2,194,1,1,,,,,,,,,,,,,,,,
2,195,0,0,1,0,,,,,,,,,,,,,,
2,196,0,0,0,0,0,0,,,,,,,,,,,,
2,197,0,0,1,1,0,,,,,,,,,,,,,
2,198,0,0,0,,,,,,,,,,,,,,,
2,199,0,0,,,,,,,,,,,,,,,,
2,200,0,0,,,,,,,,,,,,,,,,
2,201,1,1,1,1,1,,,,,,,,,,,,,
2,202,0,0,0,0,0,,,,,,,,,,,,,
2,203,0,0,0,,,,,,,,,,,,,,,
2,204,1,1,,,,,,,,,,,,,,,,
3,0,1,0,,,,,,,,,,,,,,,,
3,1,0,0,0,,,,,,,,,,,,,,,
3,2,1,,,,,,,,,,,,,,,,,
3,3,1,0,,,,,,,,,,,,,,,,
3,4,0,0,,,,,,,,,,,,,,,,
3,5,1,0,0,0,0,,,,,,,,,,,,,
3,6,1,,,,,,,,,,,,,,,,,
3,7,1,1,,,,,,,,,,,,,,,,
3,8,1,0,,,,,,,,,,,,,,,,
3,9,1,,,,,,,,,,,,,,,,,
3,10,1,,,,,,,,,,,,,,,,,
3,11,1,1,1,,,,,,,,,,,,,,,
3,12,1,1,1,,,,,,,,,,,,,,,
3,13,1,,,,,,,,,,,,,,,,,
3,14,1,0,,,,,,,,,,,,,,,,
3,15,1,1,0,1,,,,,,,,,,,,,,
3,16,1,1,1,1,1,1,,,,,,,,,,,,
3,17,0,0,,,,,,,,,,,,,,,,
3,18,1,1,,,,,,,,,,,,,,,,
3,19,1,1,1,1,0,,,,,,,,,,,,,
3,20,,,,,,,,,,,,,,,,,,
3,21,0,1,1,1,0,0,0,1,0,,,,,,,,,
3,22,,,,,,,,,,,,,,,,,,
3,23,0,,,,,,,,,,,,,,,,,
3,24,1,1,1,1,,,,,,,,,,,,,,
3,25,1,0,,,,,,,,,,,,,,,,
3,26,1,,,,,,,,,,,,,,,,,
3,27,1,,,,,,,,,,,,,,,,,
3,28,1,1,0,,,,,,,,,,,,,,,
3,29,1,,,,,,,,,,,,,,,,,
3,30,1,1,,,,,,,,,,,,,,,,
3,31,1,1,1,,,,,,,,,,,,,,,
3,32,0,,,,,,,,,,,,,,,,,
3,33,1,,,,,,,,,,,,,,,,,
3,34,0,0,0,0,1,,,,,,,,,,,,,
3,35,1,,,,,,,,,,,,,,,,,
3,36,1,1,,,,,,,,,,,,,,,,
3,37,1,,,,,,,,,,,,,,,,,
3,38,1,1,1,,,,,,,,,,,,,,,
3,39,1,,,,,,,,,,,,,,,,,
3,40,1,1,1,0,,,,,,,,,,,,,,
3,41,1,1,1,,,,,,,,,,,,,,,
3,42,0,,,,,,,,,,,,,,,,,
3,43,0,1,1,,,,,,,,,,,,,,,
3,44,0,1,1,,,,,,,,,,,,,,,
3,45,1,,,,,,,,,,,,,,,,,
3,46,1,0,0,,,,,,,,,,,,,,,
3,47,,,,,,,,,,,,,,,,,,
3,48,0,,,,,,,,,,,,,,,,,
3,49,0,0,,,,,,,,,,,,,,,,
3,50,0,0,,,,,,,,,,,,,,,,
3,51,1,1,1,1,1,1,,,,,,,,,,,,
3,52,1,,,,,,,,,,,,,,,,,
3,53,,,,,,,,,,,,,,,,,,
3,54,0,0,0,,,,,,,,,,,,,,,
3,55,,,,,,,,,,,,,,,,,,
3,56,1,1,,,,,,,,,,,,,,,,
3,57,1,,,,,,,,,,,,,,,,,
3,58,1,,,,,,,,,,,,,,,,,
3,59,1,1,,,,,,,,,,,,,,,,
3,60,1,0,0,0,1,0,0,,,,,,,,,,,
3,61,1,1,1,1,0,0,,,,,,,,,,,,
3,62,1,1,,,,,,,,,,,,,,,,
3,63,1,,,,,,,,,,,,,,,,,
3,64,1,0,1,,,,,,,,,,,,,,,
3,65,1,1,,,,,,,,,,,,,,,,
3,66,0,0,0,,,,,,,,,,,,,,,
3,67,1,,,,,,,,,,,,,,,,,
3,68,0,,,,,,,,,,,,,,,,,
3,69,,,,,,,,,,,,,,,,,,
3,70,1,,,,,,,,,,,,,,,,,
3,71,1,1,1,,,,,,,,,,,,,,,
3,72,1,,,,,,,,,,,,,,,,,
3,73,1,,,,,,,,,,,,,,,,,
3,74,1,,,,,,,,,,,,,,,,,
3,75,1,1,,,,,,,,,,,,,,,,
3,76,1,1,0,1,1,1,,,,,,,,,,,,
3,77,0,1,1,,,,,,,,,,,,,,,
3,78,1,1,,,,,,,,,,,,,,,,
3,79,1,1,,,,,,,,,,,,,,,,
3,80,1,1,0,0,,,,,,,,,,,,,,
3,81,1,1,0,,,,,,,,,,,,,,,
3,82,1,1,,,,,,,,,,,,,,,,
3,83,0,0,0,0,0,0,,,,,,,,,,,,
3,84,1,1,1,1,,,,,,,,,,,,,,
3,85,1,0,0,,,,,,,,,,,,,,,
3,86,0,0,,,,,,,,,,,,,,,,
3,87,0,0,,,,,,,,,,,,,,,,
3,88,0,0,0,0,,,,,,,,,,,,,,
3,89,0,1,1,1,0,0,,,,,,,,,,,,
3,90,0,,,,,,,,,,,,,,,,,
3,91,0,0,,,,,,,,,,,,,,,,
3,92,1,1,1,,,,,,,,,,,,,,,
3,93,0,0,0,0,,,,,,,,,,,,,,
3,94,1,1,1,,,,,,,,,,,,,,,
3,95,1,0,,,,,,,,,,,,,,,,
3,96,0,1,1,1,,,,,,,,,,,,,,
3,97,1,0,0,0,,,,,,,,,,,,,,
3,98,1,0,1,,,,,,,,,,,,,,,
3,99,1,1,1,1,1,,,,,,,,,,,,,
3,100,0,0,0,0,,,,,,,,,,,,,,
3,101,0,0,,,,,,,,,,,,,,,,
3,102,1,0,0,,,,,,,,,,,,,,,
3,103,1,1,1,0,0,,,,,,,,,,,,,
3,104,0,0,0,0,,,,,,,,,,,,,,
3,105,1,1,1,1,1,1,0,,,,,,,,,,,
3,106,0,0,0,,,,,,,,,,,,,,,
3,107,1,1,1,0,,,,,,,,,,,,,,
3,108,,,,,,,,,,,,,,,,,,
3,109,0,1,0,,,,,,,,,,,,,,,
3,110,0,1,1,,,,,,,,,,,,,,,
3,111,0,,,,,,,,,,,,,,,,,
3,112,,,,,,,,,,,,,,,,,,
3,113,,,,,,,,,,,,,,,,,,
3,114,0,,,,,,,,,,,,,,,,,
3,115,0,1,,,,,,,,,,,,,,,,
3,116,1,1,,,,,,,,,,,,,,,,
3,117,0,,,,,,,,,,,,,,,,,
3,118,1,1,1,1,,,,,,,,,,,,,,
3,119,1,1,,,,,,,,,,,,,,,,
3,120,1,,,,,,,,,,,,,,,,,
3,121,1,1,,,,,,,,,,,,,,,,
3,122,,,,,,,,,,,,,,,,,,
3,123,1,0,,,,,,,,,,,,,,,,
3,124,1,1,0,,,,,,,,,,,,,,,
3,125,1,0,,,,,,,,,,,,,,,,
3,126,1,1,1,,,,,,,,,,,,,,,
3,127,1,,,,,,,,,,,,,,,,,
3,128,1,1,,,,,,,,,,,,,,,,
3,129,0,,,,,,,,,,,,,,,,,
3,130,1,1,1,1,1,,,,,,,,,,,,,
3,131,0,0,0,0,0,0,0,1,,,,,,,,,,
3,132,1,0,0,1,,,,,,,,,,,,,,
3,133,1,0,1,,,,,,,,,,,,,,,
3,134,1,1,,,,,,,,,,,,,,,,
3,135,1,,,,,,,,,,,,,,,,,
3,136,1,1,,,,,,,,,,,,,,,,
3,137,1,,,,,,,,,,,,,,,,,
3,138,0,,,,,,,,,,,,,,,,,
3,139,1,1,1,1,1,,,,,,,,,,,,,
3,140,1,1,1,,,,,,,,,,,,,,,
3,141,0,1,0,,,,,,,,,,,,,,,
3,142,1,1,1,1,,,,,,,,,,,,,,
3,143,0,0,0,0,0,0,0,,,,,,,,,,,
3,144,0,,,,,,,,,,,,,,,,,
3,145,0,,,,,,,,,,,,,,,,,
3,146,1,1,,,,,,,,,,,,,,,,
3,147,1,0,,,,,,,,,,,,,,,,
3,148,1,1,0,0,,,,,,,,,,,,,,
3,149,0,0,,,,,,,,,,,,,,,,
3,150,0,0,,,,,,,,,,,,,,,,
3,151,0,0,0,0,1,,,,,,,,,,,,,
3,152,0,0,0,,,,,,,,,,,,,,,
3,153,1,,,,,,,,,,,,,,,,,
3,154,1,1,1,0,,,,,,,,,,,,,,
3,155,1,0,,,,,,,,,,,,,,,,
3,156,1,1,,,,,,,,,,,,,,,,
3,157,1,,,,,,,,,,,,,,,,,
3,158,1,,,,,,,,,,,,,,,,,
3,159,1,0,0,0,,,,,,,,,,,,,,
3,160,1,1,1,0,1,,,,,,,,,,,,,
3,161,1,1,0,,,,,,,,,,,,,,,
3,162,1,1,1,,,,,,,,,,,,,,,
3,163,1,,,,,,,,,,,,,,,,,
3,164,1,,,,,,,,,,,,,,,,,
3,165,1,1,1,1,1,1,1,,,,,,,,,,,
3,166,1,1,,,,,,,,,,,,,,,,
3,167,0,0,0,1,1,1,0,,,,,,,,,,,
3,168,1,1,,,,,,,,,,,,,,,,
3,169,0,,,,,,,,,,,,,,,,,
3,170,1,0,1,0,,,,,,,,,,,,,,
3,171,1,1,,,,,,,,,,,,,,,,
3,172,1,1,,,,,,,,,,,,,,,,
3,173,1,1,0,,,,,,,,,,,,,,,
3,174,1,1,,,,,,,,,,,,,,,,
3,175,1,1,1,1,,,,,,,,,,,,,,
3,176,0,1,,,,,,,,,,,,,,,,
3,177,1,,,,,,,,,,,,,,,,,
3,178,0,0,1,1,,,,,,,,,,,,,,
3,179,0,1,0,0,0,0,,,,,,,,,,,,
3,180,1,1,1,,,,,,,,,,,,,,,
3,181,0,1,1,1,1,0,0,,,,,,,,,,,
3,182,1,1,0,0,,,,,,,,,,,,,,
3,183,1,1,1,1,,,,,,,,,,,,,,
3,184,0,1,0,0,0,1,,,,,,,,,,,,
3,185,0,0,0,0,0,,,,,,,,,,,,,
3,186,0,0,0,0,0,0,,,,,,,,,,,,
3,187,1,1,1,,,,,,,,,,,,,,,
3,188,1,0,0,0,,,,,,,,,,,,,,
3,189,0,0,0,0,,,,,,,,,,,,,,
3,190,0,1,0,0,0,0,0,0,,,,,,,,,,
3,191,1,1,0,1,,,,,,,,,,,,,,
3,192,1,1,1,1,1,1,,,,,,,,,,,,
3,193,1,1,0,0,0,1,1,,,,,,,,,,,
3,194,1,1,1,0,0,0,0,0,,,,,,,,,,
3,195,1,1,0,1,1,,,,,,,,,,,,,
3,196,1,,,,,,,,,,,,,,,,,
3,197,1,1,1,,,,,,,,,,,,,,,
3,198,1,1,1,,,,,,,,,,,,,,,
3,199,0,0,1,0,0,,,,,,,,,,,,,
3,200,1,1,0,0,,,,,,,,,,,,,,
3,201,0,,,,,,,,,,,,,,,,,
3,202,1,0,1,0,0,,,,,,,,,,,,,
3,203,1,0,0,0,1,,,,,,,,,,,,,
3,204,1,1,1,1,,,,,,,,,,,,,,
3,205,0,0,0,0,,,,,,,,,,,,,,
3,206,1,,,,,,,,,,,,,,,,,
3,207,1,1,,,,,,,,,,,,,,,,
3,208,1,1,0,0,,,,,,,,,,,,,,
3,209,0,0,0,0,,,,,,,,,,,,,,
3,210,1,1,0,0,0,0,,,,,,,,,,,,
3,211,1,,,,,,,,,,,,,,,,,
3,212,1,1,0,0,,,,,,,,,,,,,,
3,213,1,0,,,,,,,,,,,,,,,,
3,214,1,1,1,0,,,,,,,,,,,,,,
3,215,1,1,,,,,,,,,,,,,,,,
3,216,0,0,0,,,,,,,,,,,,,,,
3,217,1,1,0,1,1,0,,,,,,,,,,,,
3,218,1,0,0,0,0,,,,,,,,,,,,,
3,219,1,0,1,0,0,0,0,0,0,0,0,,,,,,,
3,220,1,1,1,0,1,,,,,,,,,,,,,
3,221,1,1,1,1,1,0,0,0,,,,,,,,,,
3,222,1,,,,,,,,,,,,,,,,,
3,223,0,0,0,,,,,,,,,,,,,,,
3,224,1,1,1,1,0,1,0,,,,,,,,,,,
3,225,1,1,0,0,0,,,,,,,,,,,,,
3,226,1,0,0,0,,,,,,,,,,,,,,
3,227,1,1,1,0,0,,,,,,,,,,,,,