Cell,1,2,3,4,5,6,7,8,9,10,11,12,13,14,15,,,
0,1,,,,,,,,,,,,,,,,,
1,1,,,,,,,,,,,,,,,,,
2,1,,,,,,,,,,,,,,,,,
3,,,,,,,,,,,,,,,,,,
4,,,,,,,,,,,,,,,,,,
5,1,,,,,,,,,,,,,,,,,
6,,,,,,,,,,,,,,,,,,
7,1,1,,,,,,,,,,,,,,,,
8,1,1,,,,,,,,,,,,,,,,
9,1,,,,,,,,,,,,,,,,,
10,1,1,,,,,,,,,,,,,,,,
11,1,,,,,,,,,,,,,,,,,
12,1,,,,,,,,,,,,,,,,,
13,,,,,,,,,,,,,,,,,,
14,1,0,1,,,,,,,,,,,,,,,
15,0,,,,,,,,,,,,,,,,,
16,,,,,,,,,,,,,,,,,,
17,1,1,,,,,,,,,,,,,,,,
18,1,,,,,,,,,,,,,,,,,
19,0,1,,,,,,,,,,,,,,,,
20,1,1,1,,,,,,,,,,,,,,,
21,1,,,,,,,,,,,,,,,,,
22,0,,,,,,,,,,,,,,,,,
23,1,0,0,0,,,,,,,,,,,,,,
24,0,,,,,,,,,,,,,,,,,
25,0,,,,,,,,,,,,,,,,,
26,0,,,,,,,,,,,,,,,,,
27,0,0,0,0,0,,,,,,,,,,,,,
28,1,1,,,,,,,,,,,,,,,,
29,,,,,,,,,,,,,,,,,,
30,,,,,,,,,,,,,,,,,,
31,,,,,,,,,,,,,,,,,,
32,,,,,,,,,,,,,,,,,,
33,1,1,,,,,,,,,,,,,,,,
34,1,1,1,,,,,,,,,,,,,,,
35,0,,,,,,,,,,,,,,,,,
36,0,,,,,,,,,,,,,,,,,
37,1,1,1,0,0,,,,,,,,,,,,,
38,1,0,,,,,,,,,,,,,,,,
39,0,0,0,1,0,0,,,,,,,,,,,,
40,0,1,0,0,0,,,,,,,,,,,,,
41,0,0,0,0,0,0,0,0,0,,,,,,,,,
42,0,0,0,,,,,,,,,,,,,,,
43,0,0,1,0,,,,,,,,,,,,,,
44,0,0,0,0,,,,,,,,,,,,,,
45,0,0,0,0,0,0,0,0,,,,,,,,,,
46,0,0,0,0,0,0,0,,,,,,,,,,,
47,0,0,0,0,0,0,0,0,0,0,0,0,,,,,,
48,0,1,1,0,,,,,,,,,,,,,,
49,0,1,1,1,,,,,,,,,,,,,,
50,0,0,1,0,0,,,,,,,,,,,,,
51,0,0,0,0,0,,,,,,,,,,,,,
52,1,0,0,0,,,,,,,,,,,,,,
53,0,1,0,1,,,,,,,,,,,,,,
54,1,0,1,1,,,,,,,,,,,,,,
55,1,1,,,,,,,,,,,,,,,,
56,1,0,0,,,,,,,,,,,,,,,
57,0,0,0,0,0,0,0,0,0,,,,,,,,,
58,0,0,,,,,,,,,,,,,,,,
59,0,0,0,,,,,,,,,,,,,,,
60,0,0,0,0,0,,,,,,,,,,,,,
61,1,1,1,0,0,0,,,,,,,,,,,,
62,0,0,1,1,1,,,,,,,,,,,,,
63,1,1,1,,,,,,,,,,,,,,,
64,1,1,0,0,,,,,,,,,,,,,,
65,1,1,1,1,0,,,,,,,,,,,,,
66,1,1,1,,,,,,,,,,,,,,,
67,1,1,1,0,0,,,,,,,,,,,,,
68,1,1,0,,,,,,,,,,,,,,,
69,0,0,0,,,,,,,,,,,,,,,
70,0,0,0,0,0,,,,,,,,,,,,,
71,0,0,0,0,1,0,,,,,,,,,,,,
72,1,,,,,,,,,,,,,,,,,
73,1,1,0,0,,,,,,,,,,,,,,
74,0,1,0,0,0,,,,,,,,,,,,,
75,0,0,0,0,0,0,0,0,0,0,,,,,,,,
76,1,1,1,1,1,,,,,,,,,,,,,
77,1,1,0,,,,,,,,,,,,,,,
78,1,1,1,0,1,0,,,,,,,,,,,,
79,1,0,0,0,0,1,,,,,,,,,,,,
80,1,1,1,1,0,0,1,,,,,,,,,,,
81,0,1,1,0,1,,,,,,,,,,,,,
82,0,0,0,,,,,,,,,,,,,,,
83,0,,,,,,,,,,,,,,,,,
84,1,,,,,,,,,,,,,,,,,
85,0,,,,,,,,,,,,,,,,,
86,0,0,0,,,,,,,,,,,,,,,
87,1,1,,,,,,,,,,,,,,,,
88,1,0,,,,,,,,,,,,,,,,
89,1,1,1,1,1,,,,,,,,,,,,,
90,1,1,1,,,,,,,,,,,,,,,
91,1,,,,,,,,,,,,,,,,,
92,1,0,1,,,,,,,,,,,,,,,
93,1,0,,,,,,,,,,,,,,,,
94,1,0,1,,,,,,,,,,,,,,,
95,1,1,1,1,1,0,,,,,,,,,,,,
96,1,1,1,1,,,,,,,,,,,,,,
97,1,,,,,,,,,,,,,,,,,
98,1,1,,,,,,,,,,,,,,,,
99,1,1,0,1,,,,,,,,,,,,,,
100,1,1,1,1,,,,,,,,,,,,,,
101,0,1,0,,,,,,,,,,,,,,,
102,1,0,,,,,,,,,,,,,,,,
103,1,1,1,,,,,,,,,,,,,,,
104,1,1,1,,,,,,,,,,,,,,,
105,1,1,0,,,,,,,,,,,,,,,
106,1,1,1,0,,,,,,,,,,,,,,
107,1,,,,,,,,,,,,,,,,,
108,0,1,1,1,0,,,,,,,,,,,,,
109,1,0,0,0,1,,,,,,,,,,,,,
110,1,1,,,,,,,,,,,,,,,,
111,1,0,,,,,,,,,,,,,,,,
112,1,1,,,,,,,,,,,,,,,,
113,0,0,0,0,0,0,0,1,,,,,,,,,,
114,1,,,,,,,,,,,,,,,,,
115,0,,,,,,,,,,,,,,,,,
116,1,0,,,,,,,,,,,,,,,,
117,1,0,,,,,,,,,,,,,,,,
118,1,,,,,,,,,,,,,,,,,
119,0,0,0,0,,,,,,,,,,,,,,
120,0,,,,,,,,,,,,,,,,,
121,1,1,,,,,,,,,,,,,,,,
122,1,1,,,,,,,,,,,,,,,,
123,1,1,1,1,1,,,,,,,,,,,,,
124,1,1,1,,,,,,,,,,,,,,,
125,1,1,0,,,,,,,,,,,,,,,
126,1,1,1,1,,,,,,,,,,,,,,
127,0,0,0,0,,,,,,,,,,,,,,
128,1,1,1,,,,,,,,,,,,,,,
129,1,,,,,,,,,,,,,,,,,
130,1,,,,,,,,,,,,,,,,,
131,0,,,,,,,,,,,,,,,,,
132,1,,,,,,,,,,,,,,,,,
133,1,1,,,,,,,,,,,,,,,,
134,1,1,,,,,,,,,,,,,,,,
135,,,,,,,,,,,,,,,,,,
136,,,,,,,,,,,,,,,,,,
137,0,,,,,,,,,,,,,,,,,
138,0,1,1,1,,,,,,,,,,,,,,
139,1,,,,,,,,,,,,,,,,,
140,0,1,0,,,,,,,,,,,,,,,
141,1,,,,,,,,,,,,,,,,,
142,1,1,1,1,0,0,,,,,,,,,,,,
143,0,,,,,,,,,,,,,,,,,
144,1,0,,,,,,,,,,,,,,,,
145,,,,,,,,,,,,,,,,,,
146,,,,,,,,,,,,,,,,,,
147,1,0,0,1,,,,,,,,,,,,,,
148,1,,,,,,,,,,,,,,,,,
149,,,,,,,,,,,,,,,,,,
150,1,0,,,,,,,,,,,,,,,,
151,1,1,1,1,,,,,,,,,,,,,,
152,1,,,,,,,,,,,,,,,,,
153,1,1,,,,,,,,,,,,,,,,
154,1,1,,,,,,,,,,,,,,,,
155,1,1,1,,,,,,,,,,,,,,,
156,0,1,,,,,,,,,,,,,,,,
157,1,1,,,,,,,,,,,,,,,,
158,1,1,1,0,0,,,,,,,,,,,,,
159,1,1,1,1,,,,,,,,,,,,,,
160,0,0,0,0,0,0,0,0,,,,,,,,,,
161,1,,,,,,,,,,,,,,,,,
162,1,,,,,,,,,,,,,,,,,
163,1,0,,,,,,,,,,,,,,,,
164,1,1,0,,,,,,,,,,,,,,,
165,0,,,,,,,,,,,,,,,,,
166,1,1,1,0,,,,,,,,,,,,,,
167,0,1,1,,,,,,,,,,,,,,,
168,1,1,0,0,,,,,,,,,,,,,,
169,0,1,,,,,,,,,,,,,,,,
170,1,1,,,,,,,,,,,,,,,,
171,1,1,,,,,,,,,,,,,,,,
172,1,,,,,,,,,,,,,,,,,
173,1,,,,,,,,,,,,,,,,,
174,0,,,,,,,,,,,,,,,,,
175,1,,,,,,,,,,,,,,,,,
176,0,0,,,,,,,,,,,,,,,,
177,,,,,,,,,,,,,,,,,,
178,,,,,,,,,,,,,,,,,,
179,1,,,,,,,,,,,,,,,,,
180,1,1,,,,,,,,,,,,,,,,
181,1,0,0,,,,,,,,,,,,,,,
182,,,,,,,,,,,,,,,,,,
183,1,1,,,,,,,,,,,,,,,,
184,0,0,0,0,0,,,,,,,,,,,,,
185,1,,,,,,,,,,,,,,,,,
186,1,,,,,,,,,,,,,,,,,
187,1,,,,,,,,,,,,,,,,,
188,1,0,,,,,,,,,,,,,,,,
189,1,,,,,,,,,,,,,,,,,
190,,,,,,,,,,,,,,,,,,
191,1,1,,,,,,,,,,,,,,,,
192,1,1,1,,,,,,,,,,,,,,,
193,1,,,,,,,,,,,,,,,,,
194,1,,,,,,,,,,,,,,,,,
195,1,,,,,,,,,,,,,,,,,
196,0,,,,,,,,,,,,,,,,,
197,1,1,,,,,,,,,,,,,,,,
198,1,0,,,,,,,,,,,,,,,,
199,0,,,,,,,,,,,,,,,,,
200,1,,,,,,,,,,,,,,,,,
201,1,,,,,,,,,,,,,,,,,
202,0,1,,,,,,,,,,,,,,,,
203,0,0,,,,,,,,,,,,,,,,
204,1,1,1,0,1,1,,,,,,,,,,,,
205,1,1,1,1,1,1,1,,,,,,,,,,,
206,1,,,,,,,,,,,,,,,,,
207,0,0,0,,,,,,,,,,,,,,,
208,0,0,0,,,,,,,,,,,,,,,
209,0,0,,,,,,,,,,,,,,,,
210,1,0,0,,,,,,,,,,,,,,,
211,1,,,,,,,,,,,,,,,,,
212,1,,,,,,,,,,,,,,,,,
213,,,,,,,,,,,,,,,,,,
214,1,1,,,,,,,,,,,,,,,,
215,,,,,,,,,,,,,,,,,,
216,1,,,,,,,,,,,,,,,,,
217,0,1,1,,,,,,,,,,,,,,,
218,0,1,1,1,,,,,,,,,,,,,,
219,1,,,,,,,,,,,,,,,,,
220,0,1,,,,,,,,,,,,,,,,
221,1,1,,,,,,,,,,,,,,,,
222,1,,,,,,,,,,,,,,,,,
223,1,1,,,,,,,,,,,,,,,,
224,,,,,,,,,,,,,,,,,,
225,1,1,,,,,,,,,,,,,,,,
226,1,1,,,,,,,,,,,,,,,,
227,1,1,,,,,,,,,,,,,,,,
228,,,,,,,,,,,,,,,,,,
229,1,,,,,,,,,,,,,,,,,
230,1,1,1,1,,,,,,,,,,,,,,
231,1,1,,,,,,,,,,,,,,,,
232,1,1,1,1,1,,,,,,,,,,,,,
233,1,1,,,,,,,,,,,,,,,,
234,0,,,,,,,,,,,,,,,,,
235,1,,,,,,,,,,,,,,,,,
236,,,,,,,,,,,,,,,,,,
237,1,,,,,,,,,,,,,,,,,
238,,,,,,,,,,,,,,,,,,
239,,,,,,,,,,,,,,,,,,
240,1,0,0,0,0,0,1,1,,,,,,,,,,
241,,,,,,,,,,,,,,,,,,
242,1,,,,,,,,,,,,,,,,,
243,1,1,,,,,,,,,,,,,,,,
244,1,1,1,,,,,,,,,,,,,,,
245,0,0,0,0,,,,,,,,,,,,,,
246,0,,,,,,,,,,,,,,,,,
247,1,1,1,1,1,,,,,,,,,,,,,
248,0,1,1,0,0,,,,,,,,,,,,,
249,1,1,1,,,,,,,,,,,,,,,
250,1,0,0,1,1,,,,,,,,,,,,,
251,1,1,1,,,,,,,,,,,,,,,
252,1,1,1,1,,,,,,,,,,,,,,
253,1,1,1,,,,,,,,,,,,,,,
254,0,1,1,,,,,,,,,,,,,,,
255,0,0,0,,,,,,,,,,,,,,,
256,1,1,,,,,,,,,,,,,,,,
257,1,1,1,1,,,,,,,,,,,,,,
258,1,0,0,1,0,,,,,,,,,,,,,
259,1,0,,,,,,,,,,,,,,,,
260,1,1,1,1,,,,,,,,,,,,,,
261,1,1,1,0,,,,,,,,,,,,,,
262,1,1,1,1,,,,,,,,,,,,,,
263,1,1,,,,,,,,,,,,,,,,
264,1,1,1,1,1,,,,,,,,,,,,,
265,1,1,0,0,1,,,,,,,,,,,,,
266,1,,,,,,,,,,,,,,,,,
267,1,,,,,,,,,,,,,,,,,
268,0,0,0,0,,,,,,,,,,,,,,
269,1,1,1,1,1,1,0,0,,,,,,,,,,
270,1,1,1,0,1,1,1,1,1,,,,,,,,,
271,0,1,0,0,1,,,,,,,,,,,,,
272,1,1,1,,,,,,,,,,,,,,,
273,1,1,1,,,,,,,,,,,,,,,
274,1,1,,,,,,,,,,,,,,,,
275,1,1,1,1,1,,,,,,,,,,,,,
276,1,0,,,,,,,,,,,,,,,,
277,1,0,1,,,,,,,,,,,,,,,
278,0,0,1,,,,,,,,,,,,,,,
279,1,1,0,,,,,,,,,,,,,,,
280,1,1,0,,,,,,,,,,,,,,,
281,0,0,,,,,,,,,,,,,,,,
282,1,1,1,1,1,1,,,,,,,,,,,,
283,1,1,0,,,,,,,,,,,,,,,
284,1,1,1,1,1,1,1,0,0,,,,,,,,,
285,0,0,0,,,,,,,,,,,,,,,
286,1,1,1,1,1,,,,,,,,,,,,,
287,1,1,0,1,,,,,,,,,,,,,,
288,1,,,,,,,,,,,,,,,,,
289,1,1,1,,,,,,,,,,,,,,,
290,1,1,1,,,,,,,,,,,,,,,
291,1,1,1,1,1,1,,,,,,,,,,,,
292,0,1,1,,,,,,,,,,,,,,,
293,1,,,,,,,,,,,,,,,,,
294,1,1,,,,,,,,,,,,,,,,
295,1,1,1,1,,,,,,,,,,,,,,
296,1,1,0,1,,,,,,,,,,,,,,
297,0,0,1,,,,,,,,,,,,,,,
298,0,0,,,,,,,,,,,,,,,,
299,,,,,,,,,,,,,,,,,,
300,1,1,1,1,1,1,1,,,,,,,,,,,
301,1,1,1,1,1,1,,,,,,,,,,,,
302,0,0,0,0,0,,,,,,,,,,,,,
303,1,,,,,,,,,,,,,,,,,
304,1,1,1,1,1,,,,,,,,,,,,,
305,1,1,,,,,,,,,,,,,,,,
306,1,1,,,,,,,,,,,,,,,,
307,1,,,,,,,,,,,,,,,,,
308,1,1,,,,,,,,,,,,,,,,
309,1,,,,,,,,,,,,,,,,,
310,1,,,,,,,,,,,,,,,,,
311,1,1,1,1,,,,,,,,,,,,,,
312,1,1,1,,,,,,,,,,,,,,,
313,1,1,1,,,,,,,,,,,,,,,
314,0,1,1,1,0,,,,,,,,,,,,,
315,1,1,,,,,,,,,,,,,,,,
316,1,,,,,,,,,,,,,,,,,
317,1,1,1,1,0,0,,,,,,,,,,,,
318,1,1,0,1,1,1,1,,,,,,,,,,,
319,1,1,1,,,,,,,,,,,,,,,
320,1,0,1,1,1,0,0,,,,,,,,,,,
321,1,1,1,1,1,,,,,,,,,,,,,
322,1,1,1,1,1,0,1,,,,,,,,,,,
323,1,1,0,0,0,1,0,0,1,1,,,,,,,,
324,1,1,1,,,,,,,,,,,,,,,
325,1,,,,,,,,,,,,,,,,,
326,1,1,1,1,1,1,,,,,,,,,,,,
327,0,,,,,,,,,,,,,,,,,
328,1,1,1,,,,,,,,,,,,,,,
329,1,1,,,,,,,,,,,,,,,,
330,0,1,1,,,,,,,,,,,,,,,
331,1,1,1,1,,,,,,,,,,,,,,
332,1,1,0,,,,,,,,,,,,,,,
333,1,,,,,,,,,,,,,,,,,
334,1,1,1,1,1,1,,,,,,,,,,,,
335,1,1,1,1,1,,,,,,,,,,,,,
336,1,1,,,,,,,,,,,,,,,,
337,0,0,,,,,,,,,,,,,,,,
338,0,0,0,0,0,1,0,0,,,,,,,,,,
339,1,1,1,1,0,,,,,,,,,,,,,
340,1,1,1,,,,,,,,,,,,,,,
341,1,1,1,0,0,0,,,,,,,,,,,,
342,1,1,1,1,1,1,,,,,,,,,,,,
343,1,,,,,,,,,,,,,,,,,
344,1,,,,,,,,,,,,,,,,,
345,1,1,,,,,,,,,,,,,,,,
346,1,1,1,0,0,,,,,,,,,,,,,
347,0,1,1,1,1,0,,,,,,,,,,,,
348,,,,,,,,,,,,,,,,,,
349,1,,,,,,,,,,,,,,,,,
350,1,0,0,0,1,1,,,,,,,,,,,,
351,1,0,,,,,,,,,,,,,,,,
352,1,1,1,1,0,,,,,,,,,,,,,
353,0,0,0,,,,,,,,,,,,,,,
354,0,0,,,,,,,,,,,,,,,,
355,1,1,,,,,,,,,,,,,,,,
356,1,1,1,0,,,,,,,,,,,,,,
357,0,,,,,,,,,,,,,,,,,
358,1,1,1,1,,,,,,,,,,,,,,
359,1,,,,,,,,,,,,,,,,,
360,1,1,1,1,1,,,,,,,,,,,,,
361,1,1,,,,,,,,,,,,,,,,
362,1,1,,,,,,,,,,,,,,,,
363,1,1,,,,,,,,,,,,,,,,
364,1,,,,,,,,,,,,,,,,,
365,0,0,1,,,,,,,,,,,,,,,
366,1,,,,,,,,,,,,,,,,,
367,1,,,,,,,,,,,,,,,,,
368,1,1,,,,,,,,,,,,,,,,
369,,,,,,,,,,,,,,,,,,
370,0,,,,,,,,,,,,,,,,,
371,1,1,1,,,,,,,,,,,,,,,
372,1,1,1,1,,,,,,,,,,,,,,
373,1,1,1,,,,,,,,,,,,,,,
374,1,1,1,,,,,,,,,,,,,,,
375,1,1,0,1,,,,,,,,,,,,,,
376,1,0,,,,,,,,,,,,,,,,
377,0,1,,,,,,,,,,,,,,,,
378,1,1,,,,,,,,,,,,,,,,
379,1,1,,,,,,,,,,,,,,,,
380,1,1,,,,,,,,,,,,,,,,
381,1,1,,,,,,,,,,,,,,,,
382,1,1,1,,,,,,,,,,,,,,,
383,1,1,1,,,,,,,,,,,,,,,
384,1,1,,,,,,,,,,,,,,,,
385,1,,,,,,,,,,,,,,,,,
386,1,1,,,,,,,,,,,,,,,,
387,1,0,1,,,,,,,,,,,,,,,
388,1,1,1,,,,,,,,,,,,,,,
389,1,1,,,,,,,,,,,,,,,,
390,,,,,,,,,,,,,,,,,,
391,,,,,,,,,,,,,,,,,,
392,,,,,,,,,,,,,,,,,,
393,0,1,1,1,,,,,,,,,,,,,,
394,1,1,1,1,,,,,,,,,,,,,,
395,1,1,1,1,,,,,,,,,,,,,,
396,1,1,0,,,,,,,,,,,,,,,
397,1,,,,,,,,,,,,,,,,,
398,1,1,1,,,,,,,,,,,,,,,
399,1,1,0,,,,,,,,,,,,,,,
400,1,1,1,1,,,,,,,,,,,,,,
401,1,1,,,,,,,,,,,,,,,,
402,1,1,1,,,,,,,,,,,,,,,
403,1,,,,,,,,,,,,,,,,,
404,1,,,,,,,,,,,,,,,,,
405,1,,,,,,,,,,,,,,,,,
406,1,1,,,,,,,,,,,,,,,,
407,1,,,,,,,,,,,,,,,,,
408,0,0,,,,,,,,,,,,,,,,
409,1,1,1,1,,,,,,,,,,,,,,
410,1,1,1,,,,,,,,,,,,,,,
411,1,1,,,,,,,,,,,,,,,,
412,1,1,1,,,,,,,,,,,,,,,
413,0,0,0,1,,,,,,,,,,,,,,
414,1,0,0,0,1,1,,,,,,,,,,,,
415,,,,,,,,,,,,,,,,,,
416,,,,,,,,,,,,,,,,,,
417,0,0,0,,,,,,,,,,,,,,,
418,1,1,,,,,,,,,,,,,,,,
419,1,,,,,,,,,,,,,,,,,
420,1,1,,,,,,,,,,,,,,,,
421,1,0,1,0,0,0,,,,,,,,,,,,
422,1,1,0,0,0,0,0,0,0,0,,,,,,,,
423,1,1,0,0,0,0,,,,,,,,,,,,
424,1,1,1,1,0,0,0,0,0,0,,,,,,,,
425,1,1,1,0,,,,,,,,,,,,,,
426,1,1,1,0,,,,,,,,,,,,,,
427,1,1,0,,,,,,,,,,,,,,,
428,1,0,0,0,1,1,1,0,0,,,,,,,,,
429,1,1,0,0,0,,,,,,,,,,,,,
430,1,1,1,1,1,,,,,,,,,,,,,
431,1,1,0,0,0,,,,,,,,,,,,,
432,0,1,0,0,,,,,,,,,,,,,,
433,0,0,1,0,0,,,,,,,,,,,,,
434,1,0,,,,,,,,,,,,,,,,
435,0,,,,,,,,,,,,,,,,,
436,1,1,1,1,1,1,0,0,,,,,,,,,,
437,1,1,1,1,1,1,1,,,,,,,,,,,
438,1,1,1,1,1,1,,,,,,,,,,,,
439,1,1,0,0,,,,,,,,,,,,,,
440,1,1,1,1,,,,,,,,,,,,,,
441,1,1,0,0,1,,,,,,,,,,,,,
442,1,1,1,1,1,1,,,,,,,,,,,,
443,1,1,0,0,,,,,,,,,,,,,,
444,1,1,0,1,0,,,,,,,,,,,,,
445,1,1,1,1,1,,,,,,,,,,,,,
446,1,1,,,,,,,,,,,,,,,,
447,1,1,0,0,,,,,,,,,,,,,,
448,1,1,1,0,0,,,,,,,,,,,,,
449,1,1,1,1,1,1,1,,,,,,,,,,,
450,1,1,1,1,1,,,,,,,,,,,,,
451,1,1,1,,,,,,,,,,,,,,,
452,1,1,0,,,,,,,,,,,,,,,
453,1,1,,,,,,,,,,,,,,,,
454,1,1,1,,,,,,,,,,,,,,,
455,1,1,1,1,1,1,1,1,,,,,,,,,,
456,1,1,1,1,1,,,,,,,,,,,,,
457,0,0,0,1,,,,,,,,,,,,,,
458,1,1,0,1,0,0,,,,,,,,,,,,
459,1,1,0,0,0,,,,,,,,,,,,,
460,1,1,,,,,,,,,,,,,,,,
461,1,1,1,1,0,0,,,,,,,,,,,,
462,1,1,,,,,,,,,,,,,,,,
463,1,1,1,1,0,0,,,,,,,,,,,,
464,1,1,1,1,,,,,,,,,,,,,,
465,1,1,,,,,,,,,,,,,,,,
466,1,1,0,0,0,0,,,,,,,,,,,,
467,1,1,1,0,1,,,,,,,,,,,,,
468,1,0,,,,,,,,,,,,,,,,
469,1,1,1,1,,,,,,,,,,,,,,
470,1,1,0,,,,,,,,,,,,,,,
471,1,1,1,1,1,,,,,,,,,,,,,
472,1,1,1,1,,,,,,,,,,,,,,
473,1,1,0,0,0,,,,,,,,,,,,,
474,1,1,,,,,,,,,,,,,,,,
475,1,1,1,1,,,,,,,,,,,,,,
476,1,1,,,,,,,,,,,,,,,,
477,1,,,,,,,,,,,,,,,,,
478,1,1,1,1,1,,,,,,,,,,,,,
479,0,,,,,,,,,,,,,,,,,
480,1,0,,,,,,,,,,,,,,,,
481,1,1,1,1,,,,,,,,,,,,,,
482,0,1,0,,,,,,,,,,,,,,,
483,1,1,1,1,0,,,,,,,,,,,,,
484,1,1,1,0,0,,,,,,,,,,,,,
485,0,,,,,,,,,,,,,,,,,
486,0,0,0,,,,,,,,,,,,,,,
487,1,1,1,1,0,,,,,,,,,,,,,
488,0,0,0,1,0,,,,,,,,,,,,,
489,1,0,0,,,,,,,,,,,,,,,
490,1,,,,,,,,,,,,,,,,,
491,1,1,0,1,0,1,,,,,,,,,,,,
492,1,1,1,1,,,,,,,,,,,,,,
493,1,1,1,,,,,,,,,,,,,,,
494,1,1,1,1,,,,,,,,,,,,,,
495,1,0,0,0,0,,,,,,,,,,,,,
496,1,0,,,,,,,,,,,,,,,,
497,1,1,0,1,1,1,1,1,1,,,,,,,,,
498,0,1,1,1,,,,,,,,,,,,,,
499,1,1,0,0,0,0,,,,,,,,,,,,
500,1,1,1,1,1,,,,,,,,,,,,,
501,1,1,1,1,,,,,,,,,,,,,,
502,1,1,1,0,0,0,0,,,,,,,,,,,
503,1,1,1,0,0,0,0,0,,,,,,,,,,
504,1,1,1,,,,,,,,,,,,,,,
505,1,0,0,0,0,1,,,,,,,,,,,,
506,1,1,1,,,,,,,,,,,,,,,
507,1,1,0,1,0,0,,,,,,,,,,,,
508,1,1,1,0,0,0,0,0,,,,,,,,,,
509,0,1,1,0,1,1,,,,,,,,,,,,
510,1,1,1,0,,,,,,,,,,,,,,
511,1,1,1,0,,,,,,,,,,,,,,
512,1,1,1,0,1,1,1,0,,,,,,,,,,
513,1,1,0,1,0,0,1,0,,,,,,,,,,
514,1,1,1,1,,,,,,,,,,,,,,
515,1,1,1,1,1,1,0,,,,,,,,,,,
516,1,1,0,,,,,,,,,,,,,,,
517,1,1,1,0,,,,,,,,,,,,,,
518,1,1,1,,,,,,,,,,,,,,,
519,1,1,1,1,,,,,,,,,,,,,,
520,1,0,,,,,,,,,,,,,,,,
521,0,0,0,0,0,0,0,0,,,,,,,,,,
522,1,1,1,0,,,,,,,,,,,,,,
523,0,0,0,1,,,,,,,,,,,,,,
524,1,1,1,1,,,,,,,,,,,,,,
525,1,0,0,0,0,,,,,,,,,,,,,
526,1,1,1,0,0,0,0,0,,,,,,,,,,
527,1,1,0,1,1,1,1,0,1,,,,,,,,,
528,1,1,1,1,1,0,0,0,,,,,,,,,,
529,1,0,0,0,1,0,,,,,,,,,,,,
530,1,1,1,1,0,0,0,0,,,,,,,,,,
531,1,1,0,0,,,,,,,,,,,,,,
532,1,1,1,0,,,,,,,,,,,,,,
533,1,0,0,0,0,,,,,,,,,,,,,
534,1,1,1,1,0,0,0,,,,,,,,,,,
535,0,1,1,0,0,,,,,,,,,,,,,
536,1,1,0,1,1,1,1,0,1,,,,,,,,,
537,1,1,1,0,0,,,,,,,,,,,,,
538,0,0,0,0,0,0,0,0,0,,,,,,,,,